<?xml version="1.0" encoding="UTF-8"?>
<configuration>
	
	<include resource="org/springframework/boot/logging/logback/base.xml"/>	
	
	<springProfile name="prod">
		<springProperty name="logglyToken" source="logging.loggly.token"/>
		<appender name="loggly" class="ch.qos.logback.ext.loggly.LogglyBatchAppender">
		  <endpointUrl>https://logs-01.loggly.com/bulk/${logglyToken}/tag/logback</endpointUrl>
		  <pattern>%d{"ISO8601", UTC} %p %t %c %M - %m%n</pattern>
		</appender>
		
		<appender name="logglyAsync" class="ch.qos.logback.classic.AsyncAppender">
		  <appender-ref ref="loggly"/>
		</appender>
	
		<root level="info">
		  <appender-ref ref="loggly" />
		</root>	
	</springProfile>
	
	
</configuration>